{
  "n_customers": 458913,
  "n_features": 772,
  "n_splits": 5,
  "seed": 42,
  "metrics": {
    "lgbm": {
      "auc": 0.9602570456493038,
      "pr_auc": 0.8954504144868936,
      "amex_m": 0.3068107862642453
    },
    "xgb": {
      "auc": 0.9584871223245911,
      "pr_auc": 0.8910433458998533,
      "amex_m": 0.30530728367195464
    }
  },
  "categorical_features": [
    "D_64__last",
    "D_63__last"
  ],
  "timestamp": "2025-09-03 06:57:08"
}