{
  "n_customers": 458913,
  "n_features": 886,
  "n_splits": 5,
  "seed": 42,
  "metrics": {
    "lgbm": {
      "auc": 0.9603693984071815,
      "pr_auc": 0.896086958171209,
      "amex_m": 0.3068922092180655
    },
    "xgb": {
      "auc": 0.958652322480814,
      "pr_auc": 0.8913702755293054,
      "amex_m": 0.3053772603265259
    }
  },
  "categorical_features": [
    "D_63__last",
    "D_64__last"
  ],
  "timestamp": "2025-09-04 14:25:44"
}